Market,Episode,Benchmark trough (pct),Reserve trough (pct),Improvement (pp),First trigger
Taiwan (0050),2011-2012,-28.910181083168506,-25.340820323279733,3.5693607598887738,2011-08-19
Taiwan (0050),2015-2016,-21.440336828469096,-20.20200975315308,1.2383270753160147,2011-08-19
Taiwan (0050),Late 2018,-18.035808380562035,-17.456783529185373,0.579024851376662,2011-08-19
Taiwan (0050),March 2020,-22.77179118213387,-22.53251435120577,0.2392768309281017,2011-08-19
Taiwan (0050),2022,-34.583408575714216,-34.41078648768793,0.1726220880262872,2011-08-19
Taiwan (0050),2025,-20.816215349242327,-20.65408151145528,0.16213383778704582,2011-08-19
United States (SPY),2011-2012,-19.01078811418747,-17.973517712648746,1.0372704015387235,2009-02-20
United States (SPY),2015-2016,-14.830635232202438,-13.97964219282054,0.8509930393818976,2009-02-20
United States (SPY),Late 2018,-18.33834105401424,-17.164949293956187,1.1733917600580526,2009-02-20
United States (SPY),March 2020,-32.11087356980832,-31.941405238541776,0.16946833126654326,2009-02-20
United States (SPY),2022,-26.552507370262767,-26.38118662220732,0.17132074805544661,2009-02-20
United States (SPY),2025,-17.531891599630388,-17.38958099760971,0.1423106020206788,2009-02-20
South Africa (STX40),2011-2012,-15.580823303337976,-13.00422996499676,2.5765933383412154,2009-02-27
South Africa (STX40),2015-2016,-17.823226891938592,-15.112749821132843,2.7104770708057497,2009-02-27
South Africa (STX40),Late 2018,-21.613856830934154,-17.927211169572153,3.6866456613620002,2009-02-27
South Africa (STX40),March 2020,-37.89128710377659,-34.68615441388937,3.205132689887222,2009-02-27
South Africa (STX40),2022,-18.03588251911654,-17.690239411227317,0.3456431078892237,2009-02-27
South Africa (STX40),2025,-8.353676727084135,-8.215558457400618,0.13811826968351681,2009-02-27
