Market,Comparison,Test,Estimate,Std. error,Statistic,p-value,CI lower,CI upper,Observations
Taiwan (0050),Cash reserve vs benchmark,Ledoit-Wolf Sharpe difference (annualised),0.0206196274023339,0.016380032005244155,1.258827052091987,0.20444088817763553,-0.012468884092424914,0.053708138897092715,4999
Taiwan (0050),Cash reserve vs benchmark,Newey-West mean weekly return difference (pp a year),-0.18166192353079186,0.3193803721931431,-0.5687948895648887,0.5696366189778885,-0.8076474530293524,0.44432360596776854,905
Taiwan (0050),Static cash vs benchmark,Ledoit-Wolf Sharpe difference (annualised),-0.0021409012653466706,0.0014804009030053465,-1.4461631717465513,0.08401680336067213,-0.004592228596814295,0.0003104260661209544,4999
Taiwan (0050),Static cash vs benchmark,Newey-West mean weekly return difference (pp a year),-0.5774711280332776,0.18502684390647883,-3.1210126911377163,0.0018595410616712993,-0.9401237420899761,-0.2148185139765791,905
United States (SPY),Cash reserve vs benchmark,Ledoit-Wolf Sharpe difference (annualised),0.0060800979135474465,0.012111063949599767,0.5020283881622452,0.6337267453490698,-0.01856336145729753,0.030723557284392425,4999
United States (SPY),Cash reserve vs benchmark,Newey-West mean weekly return difference (pp a year),-0.23827639771761455,0.21968026250080266,-1.0846509149484649,0.2783613724212666,-0.6688497122191879,0.19229691678395866,918
United States (SPY),Static cash vs benchmark,Ledoit-Wolf Sharpe difference (annualised),-0.0035458278754102526,0.0009000312094576891,-3.939672133754984,0.0,-0.00501881704073002,-0.002072838710090485,4999
United States (SPY),Static cash vs benchmark,Newey-West mean weekly return difference (pp a year),-0.4817219337305773,0.15266331030464575,-3.1554532177330747,0.00165474389653264,-0.7809420219276829,-0.18250184553347165,918
South Africa (STX40),Cash reserve vs benchmark,Ledoit-Wolf Sharpe difference (annualised),-0.009338708686255337,0.015319215905758807,-0.6096074853768936,0.5087017403480696,-0.03680252039665299,0.01812510302414232,4999
South Africa (STX40),Cash reserve vs benchmark,Newey-West mean weekly return difference (pp a year),-0.17922951004414844,0.33866204900718394,-0.529228210156924,0.5967752341256758,-0.8430071260982289,0.4845481060099321,918
South Africa (STX40),Static cash vs benchmark,Ledoit-Wolf Sharpe difference (annualised),-0.021784907364893604,0.0017026326337931494,-12.79483720240982,0.0,-0.0248305365390669,-0.01873927819072031,4999
South Africa (STX40),Static cash vs benchmark,Newey-West mean weekly return difference (pp a year),-0.3788957177878457,0.30333460847692933,-1.249101511002373,0.21194670513669434,-0.9734315504026272,0.21564011482693585,918
