Market,Specification,term,coefficient,std_error,t,p_value
Taiwan (0050),Regime dummy,constant,0.09456044937511077,0.35970309211988105,0.26288472756190784,0.79269939464257
Taiwan (0050),Regime dummy,low rate dummy,-0.527386598058738,0.6375324044424087,-0.8272310464281339,0.408324662956439
Taiwan (0050),"Deposit rate, within market",constant,-0.2772010004371248,0.51389418553848,-0.5394126032904263,0.5897351611114496
Taiwan (0050),"Deposit rate, within market",deposit rate (pp),0.26721946007828834,0.5894246573521226,0.4533564328284477,0.6504010230873822
United States (SPY),Regime dummy,constant,-0.0776061151869396,0.4163910517646906,-0.18637796095290754,0.852189641449236
United States (SPY),Regime dummy,low rate dummy,-0.29323125121900484,0.46422930236516224,-0.6316517499542704,0.5277720619280004
United States (SPY),"Deposit rate, within market",constant,-0.37181051826899414,0.23990664321809835,-1.549813349399343,0.12153173386170613
United States (SPY),"Deposit rate, within market",deposit rate (pp),0.8209242755697321,0.7385123821499454,1.1115917558211692,0.26660538795131883
South Africa (STX40),Regime dummy,constant,0.0431526644164818,0.4712544796518422,0.09156977021918716,0.9270598912380945
South Africa (STX40),Regime dummy,low rate dummy,-0.4428347855853764,0.6704572026855855,-0.6604967234471582,0.5091011820064049
South Africa (STX40),"Deposit rate, within market",constant,-1.8868481601093268,1.7869307787021822,-1.0559156418357252,0.2912851659711917
South Africa (STX40),"Deposit rate, within market",deposit rate (pp),0.2686728520437982,0.2892777198233031,0.9287713281475989,0.3532522814201253
Pooled,"Deposit rate, market fixed effects",constant,-1.9250132737383723,1.677985234173904,-1.14721705205355,0.25139219737946417
Pooled,"Deposit rate, market fixed effects",deposit rate (pp),0.2746776646094726,0.27175896907621505,1.010740015474665,0.3122302228828959
Pooled,"Deposit rate, market fixed effects",FE: Taiwan (0050),1.6451457385508235,1.5962058910672787,1.0306601095494152,0.3027913034557179
Pooled,"Deposit rate, market fixed effects",FE: United States (SPY),1.6420569445456206,1.6503575986396573,0.9949703905984505,0.3198386189323521
